[問題] 多人玩的開放世界生存工藝,2,Sun Jun 28 14:27:48 2026
[問題] 尼爾自動人形好操作嗎,17,Sun Jun 28 14:29:11 2026
[閒聊] 夏季特賣 特價遊戲補遺,1,Sun Jun 28 18:47:23 2026
[閒聊] 買遊戲的遊戲,1,Sun Jun 28 18:49:16 2026
[公告] 板務宣導/實用連結/置底聊天區,爆,
[公告] Steam板板規(新!) /文章推薦區,15,Fri Sep 15 00:09:18 2017
[公告] 交易文章使用說明(發文/推文前請詳閱),,
[公告] 板規增訂,24,Thu Nov 27 17:43:43 2025
[公告] 6月置底遊戲交換區,5,
[閒聊] 量子裂痕（Quantum Break）,24,Fri Jun 26 07:35:44 2026
[閒聊] 戰神2018玩不下去...,爆,Fri Jun 26 10:04:29 2026
Re: [閒聊] Risen《異世界》繁中修正檔,10,Fri Jun 26 17:10:21 2026
[問題] 大俠立志傳有資安疑慮？,14,Fri Jun 26 18:53:50 2026
[閒聊] 夏特超好評銅板遊戲推薦,52,Fri Jun 26 22:02:52 2026
[問題] Stronghold 要塞特價推薦哪個版本?,3,Sat Jun 27 04:04:52 2026
[限免] POPGOES Arcade,22,Sat Jun 27 07:52:41 2026
[限免] RollerCoaster Tycoon 3 等3款 (Epic),9,Sat Jun 27 12:06:11 2026
[問題] 勇者鬥惡龍 VII Reimagined 技能問題,,Sat Jun 27 13:41:05 2026
[問題] STEAM版越南大戰XX設定無限接關要設那裡?,1,Sat Jun 27 17:05:47 2026
[組包] HB Arc System Works: Evo Collection,5,Sat Jun 27 18:00:20 2026
Re: [心得] 《女王的遊戲》女帝篇 6/9 已上架,8,Sat Jun 27 18:05:22 2026
Fw: [閒聊] DELTARUNE CH5破關(雷),3,Sat Jun 27 19:17:19 2026
[問題] 請問FF 9的語系,16,Sat Jun 27 19:33:44 2026
[實況] Portal 2【powappp3】終點,,Sat Jun 27 22:23:48 2026
[閒聊] brotato全惡夢難度通關(墜毀地+深海),6,Sun Jun 28 01:51:20 2026
[問題] COD II 2022購買,12,Sun Jun 28 06:11:30 2026
[徵人] 「PC Game 中文社群」LINE/DC 社群,2,Sun Jun 28 11:37:12 2026
[問題] 潛水員戴夫要怎麼買比較好,19,Sun Jun 28 11:42:33 2026
[閒聊] 電競教父有推薦的英雄聯盟mod嗎？,2,Sun Jun 28 13:03:42 2026
Fw: [情報] SteamOS3.8.10正式釋出 優化桌面硬體相容,2,Tue Jun 23 09:45:28 2026
Re: [閒聊] Steam Machine 價格公佈,52,Tue Jun 23 10:02:49 2026
[問題] 信用卡買steam machine回饋方案？,26,Tue Jun 23 10:21:33 2026
[問題] 想找特別會吹的遊戲,51,Tue Jun 23 13:15:41 2026
Re: [閒聊] Steam Machine 價格公佈,24,Tue Jun 23 14:06:00 2026
[閒聊] 夏特前最後銅板遊戲建議,28,Tue Jun 23 15:23:20 2026
Fw: [分享] Dust Front RTS自製部分繁中化檔案(更新,,Tue Jun 23 18:11:45 2026
[新聞] PC玩遊戲很複雜？Steam Machine開賣掀優,48,Tue Jun 23 18:44:32 2026
[心得] 探地者米娜好玩難度高(輔助很多)無劇情雷,9,Tue Jun 23 23:35:17 2026
Re: [閒聊] 太吾繪卷 褒貶不一,37,Wed Jun 24 01:21:16 2026
Re: [心得] 《女王的遊戲》女帝篇 6/9 已上架,5,Wed Jun 24 10:44:54 2026
[心得] 現在才補完隻狼 只能說GOTY不是叫假的,90,Wed Jun 24 12:29:42 2026
[心得] Spark in the Dark 搶先體驗,6,Wed Jun 24 15:17:39 2026
Re: [閒聊] Steam Machine 價格公佈,25,Wed Jun 24 20:26:58 2026
[新聞] Valve 正努力讓 SteamOS 可支援玩家自,23,Thu Jun 25 04:07:00 2026
Re: [問題] 信用卡買steam machine回饋方案？,8,Thu Jun 25 06:04:42 2026
Re: [閒聊] 太吾繪卷 褒貶不一,23,Thu Jun 25 14:15:42 2026
[閒聊] STEAM夏日特賣即日起至7月9日,爆,Fri Jun 26 01:10:54 2026
[CS2] G2 -SunPayus +r1nkle,16,Fri Jun 26 01:16:54 2026
Re: [問題] 想找特別會吹的遊戲,16,Fri Jun 26 03:47:36 2026
